"","x","y","SampleID","Group","Date","Site","Sequencing","Platform","Species","Batch","BarcodeSequence","LinkerPrimerSequence","ReversePrimer","ID"
"KO1",-0.0574429654453843,-0.0936590533148765,"KO1","KO","2017/6/30","Beijing","BGI","HiSeq2500","Arabidopsis",1,"ACGCTCGACA","AACMGGATTAGATACCCKG","ACGTCATCCCCACCTTCC","KO1"
"KO2",0.0490020923269354,-0.0649664771786629,"KO2","KO","2017/6/30","Beijing","BGI","HiSeq2500","Arabidopsis",1,"ATCAGACACG","AACMGGATTAGATACCCKG","ACGTCATCCCCACCTTCC","KO2"
"KO3",-0.15364764859581,-0.0548038859777758,"KO3","KO","2017/7/2","Sanya","BGI","HiSeq2500","Arabidopsis",1,"ATATCGCGAG","AACMGGATTAGATACCCKG","ACGTCATCCCCACCTTCC","KO3"
"KO4",-0.142585888533923,-0.0612053580266243,"KO4","KO","2017/7/2","Sanya","BGI","HiSeq2500","Arabidopsis",1,"CACGAGACAG","AACMGGATTAGATACCCKG","ACGTCATCCCCACCTTCC","KO4"
"KO5",-0.253670600355351,0.0365974391389634,"KO5","KO","2017/7/4","Harbin","BGI","HiSeq2500","Arabidopsis",1,"CTCGCGTGTC","AACMGGATTAGATACCCKG","ACGTCATCCCCACCTTCC","KO5"
"KO6",-0.126842289450442,-0.110655527142238,"KO6","KO","2017/7/5","Harbin","BGI","HiSeq2500","Arabidopsis",1,"TAGTATCAGC","AACMGGATTAGATACCCKG","ACGTCATCCCCACCTTCC","KO6"
"OE1",0.159770611977137,-0.0847856395306573,"OE1","OE","2017/6/30","Beijing","BGI","HiSeq2500","Arabidopsis",1,"TCTCTATGCG","AACMGGATTAGATACCCKG","ACGTCATCCCCACCTTCC","OE1"
"OE2",0.131091887906812,0.0144857317861195,"OE2","OE","2017/6/30","Beijing","BGI","HiSeq2500","Arabidopsis",1,"TACTGAGCTA","AACMGGATTAGATACCCKG","ACGTCATCCCCACCTTCC","OE2"
"OE3",0.0575184603690341,0.0367848398211117,"OE3","OE","2017/7/2","Sanya","BGI","HiSeq2500","Arabidopsis",1,"CATAGTAGTG","AACMGGATTAGATACCCKG","ACGTCATCCCCACCTTCC","OE3"
"OE4",0.0432751116655892,0.0374762521604302,"OE4","OE","2017/7/2","Sanya","BGI","HiSeq2500","Arabidopsis",1,"CGAGAGATAC","AACMGGATTAGATACCCKG","ACGTCATCCCCACCTTCC","OE4"
"OE5",0.0525274703175435,0.00104390081113042,"OE5","OE","2017/7/4","Harbin","BGI","HiSeq2500","Arabidopsis",1,"ATACGACGTA","AACMGGATTAGATACCCKG","ACGTCATCCCCACCTTCC","OE5"
"OE6",0.132332268513618,-0.110571401922837,"OE6","OE","2017/7/5","Harbin","BGI","HiSeq2500","Arabidopsis",1,"TCACGTACTA","AACMGGATTAGATACCCKG","ACGTCATCCCCACCTTCC","OE6"
"WT1",0.0258405045905577,0.105946818069696,"WT1","WT","2017/6/30","Beijing","BGI","HiSeq2500","Arabidopsis",1,"CGTCTAGTAC","AACMGGATTAGATACCCKG","ACGTCATCCCCACCTTCC","WT1"
"WT2",-0.0419530734966734,0.139369683898686,"WT2","WT","2017/6/30","Beijing","BGI","HiSeq2500","Arabidopsis",1,"TCTACGTAGC","AACMGGATTAGATACCCKG","ACGTCATCCCCACCTTCC","WT2"
"WT3",0.0880708485688658,0.0289859085855831,"WT3","WT","2017/7/2","Sanya","BGI","HiSeq2500","Arabidopsis",1,"CACGCGAGTC","AACMGGATTAGATACCCKG","ACGTCATCCCCACCTTCC","WT3"
"WT4",0.0339619145116337,0.0453952984836862,"WT4","WT","2017/7/2","Sanya","BGI","HiSeq2500","Arabidopsis",1,"ACGACTACAG","AACMGGATTAGATACCCKG","ACGTCATCCCCACCTTCC","WT4"
"WT5",-0.0410471867938491,0.100040397602893,"WT5","WT","2017/7/4","Harbin","BGI","HiSeq2500","Arabidopsis",1,"CGTAGACTAG","AACMGGATTAGATACCCKG","ACGTCATCCCCACCTTCC","WT5"
"WT6",0.0437984819237063,0.0345210727353724,"WT6","WT","2017/7/5","Harbin","BGI","HiSeq2500","Arabidopsis",1,"TACGAGTATG","AACMGGATTAGATACCCKG","ACGTCATCCCCACCTTCC","WT6"
